0,2.971878,2.4210329055786133

1000,2.924601,4.0652360916137695

2000,2.9491131,3.5646097660064697

3000,2.9441533,1.9561266899108887

0,2.9505038,2.574523687362671

1000,2.9834347,2.8204030990600586

0,2.943033,2.351001262664795

1000,2.9135754,2.728992462158203

2000,2.9150262,2.3254287242889404

3000,2.8828032,2.48382568359375

4000,2.8693907,2.325813055038452

5000,2.814041,1.9265270233154297

6000,2.8228416,1.7374377250671387

7000,2.7936049,2.5223662853240967

8000,2.770504,2.2750205993652344

9000,2.841863,3.229950189590454

10000,2.7895048,2.237015724182129

11000,2.8726845,1.9539705514907837

12000,2.7751627,2.1730570793151855

13000,2.693618,2.07218074798584

14000,2.7622638,2.4972338676452637

15000,2.7363667,2.3831140995025635

16000,2.7981062,1.756191372871399

17000,2.782741,2.8366751670837402

18000,2.693776,3.1747939586639404

19000,2.7556996,2.675508975982666

20000,2.6062894,2.903359889984131

21000,2.639469,2.3225438594818115

22000,2.6339383,2.9169907569885254

23000,2.6544003,2.251364231109619

24000,2.600716,3.5094408988952637

25000,2.6122515,2.3744285106658936

26000,2.631451,2.388482093811035

27000,2.6452212,2.124481678009033

28000,2.6034148,2.499802589416504

29000,2.5554986,2.4159414768218994

30000,2.5893805,1.6785807609558105

31000,2.5490005,2.748657464981079

32000,2.5391617,2.236431360244751

33000,2.530528,2.5473875999450684

34000,2.532868,1.8904290199279785

35000,2.537204,3.7063286304473877

36000,2.5612903,2.8921046257019043

0,2.4764013,2.596090316772461

1000,2.489614,1.83229398727417

0,2.461541,1.9625922441482544

1000,2.5364513,2.4915409088134766

2000,2.4743228,1.7707643508911133

3000,2.5086243,4.765120506286621

0,2.4885578,2.213001251220703

1000,2.5281718,2.827756643295288

2000,2.552205,2.9602646827697754
0,2.525894,1.3392654657363892
1000,2.4712067,1.74800443649292
2000,2.4158847,1.9603418111801147
3000,2.399637,1.2844562530517578
4000,2.462457,4.351408958435059
5000,2.423343,2.3069119453430176
6000,2.4931338,1.72975492477417
7000,2.3999188,1.8586136102676392
8000,2.4292977,2.0093562602996826
9000,2.4573429,2.177781343460083
10000,2.4818532,1.6459771394729614
11000,2.406383,5.873551368713379
12000,2.3933747,2.2068331241607666
13000,2.3559723,2.124608278274536
14000,2.4098594,2.960918426513672
15000,2.451736,1.8578197956085205
16000,2.3945198,1.4228614568710327
17000,2.3821099,1.8422346115112305
18000,2.3734894,2.716552734375
19000,2.3738465,2.4230797290802
20000,2.3792937,2.796229600906372
21000,2.321662,1.7668213844299316
22000,2.3946085,1.7468883991241455
23000,2.344616,2.745861053466797
24000,2.3809576,2.1941537857055664
25000,2.361038,1.9581949710845947
26000,2.3435612,2.2287840843200684
27000,2.3293562,1.5737452507019043
28000,2.3361712,1.9199411869049072
29000,2.5584648,2.1877171993255615
30000,2.3603957,1.542558193206787
0,2.3634458,2.947415351867676
0,2.3529863,2.006783962249756
1000,2.3440545,1.6288678646087646
0,2.313395,2.196181535720825
1000,2.2995384,2.0511932373046875
2000,2.312815,1.5328118801116943
3000,2.29894,2.685866117477417
4000,2.3318222,2.9233055114746094
5000,2.3680685,1.5439529418945312
6000,2.340365,1.5293477773666382
7000,2.282786,2.322923183441162
8000,2.2854857,1.464484453201294
9000,2.2682388,3.138519287109375
10000,2.273243,3.2426114082336426
11000,2.2767375,1.9847170114517212
12000,2.2921987,1.6892142295837402
13000,2.2301588,1.7414326667785645
0,2.2250886,1.089587688446045
1000,2.2774372,1.8502349853515625
2000,2.2917945,1.7598838806152344
3000,2.2831054,2.262159585952759
4000,2.2619328,2.6767258644104004
5000,2.234903,1.6865131855010986
6000,2.2478902,2.462221622467041
7000,2.2818854,2.5797533988952637
8000,2.2104821,1.6069748401641846
9000,2.2560544,1.9998645782470703
10000,2.2626836,2.117799758911133
11000,2.229794,1.9571479558944702
12000,2.2691166,1.7040172815322876
13000,2.1872513,2.173002004623413
14000,2.2051973,1.4968559741973877
15000,2.2261586,1.6130635738372803
16000,2.2123754,1.6845169067382812
17000,2.1963978,1.5850727558135986
18000,2.2553675,2.2205138206481934
19000,2.2018516,2.5797312259674072
20000,2.1915033,2.1185522079467773
21000,2.2193987,1.1655242443084717
22000,2.1840324,2.5567309856414795
23000,2.1925237,1.8586817979812622
24000,2.1806731,2.430769681930542
25000,2.1974802,1.225421667098999
26000,2.1740835,1.881998062133789
27000,2.217802,2.3775534629821777
28000,2.178148,1.5557668209075928
29000,2.180308,2.3240528106689453
30000,2.1864464,2.8718514442443848
31000,2.2652044,1.6527104377746582
32000,2.214367,2.7172372341156006
33000,2.190782,2.8019280433654785
34000,2.205944,4.179452896118164
35000,2.1989918,3.146111249923706
36000,2.1593378,1.6396503448486328
37000,2.2188942,3.4782309532165527
38000,2.1449487,0.887129008769989
39000,2.2104735,3.9134483337402344
40000,2.1524909,2.120307445526123
41000,2.2566884,1.948129653930664
42000,2.154623,6.17100191116333
43000,2.151353,2.1918697357177734
44000,2.1929224,2.7171735763549805
45000,2.1538398,3.0286974906921387
46000,2.163927,2.4899346828460693
47000,2.2222776,1.8356573581695557
0,2.2269466,6.897302150726318
1000,2.145128,2.5097665786743164
2000,2.123866,3.578908920288086
3000,2.1269712,3.2440361976623535
4000,2.1179852,1.8400237560272217
5000,2.117583,1.544602870941162
6000,2.1198375,1.608516812324524
7000,2.1085632,2.1918914318084717
8000,2.1249492,1.7167409658432007
9000,2.1162694,3.630068778991699
10000,2.1132429,2.733081102371216
11000,2.105714,1.300668716430664
12000,2.110198,1.99074387550354
13000,2.0951738,2.157834529876709
14000,2.1049135,1.6279051303863525
15000,2.092394,2.280771255493164
16000,2.0918624,3.424131393432617
17000,2.0869896,1.1540966033935547
18000,2.096364,2.0114753246307373
19000,2.0841315,2.2273664474487305
20000,2.0799694,1.3960347175598145
21000,2.0878136,1.5925511121749878
0,2.0870295,1.3121159076690674
1000,2.080559,1.7599551677703857
2000,2.081671,2.537292957305908
3000,2.0926278,1.9469910860061646
4000,2.0927093,1.825817346572876
5000,2.0854576,1.940577745437622
6000,2.0795732,1.2556216716766357
7000,2.0747945,3.0078842639923096
8000,2.0844688,1.9380412101745605
9000,2.07429,2.252631664276123
10000,2.073632,1.983726978302002
11000,2.0730317,4.088963508605957
12000,2.0763,1.509964942932129
13000,2.0699012,1.8568803071975708
14000,2.0703678,1.3748201131820679
15000,2.0759206,2.26053524017334
16000,2.0688958,1.376197338104248
17000,2.0742986,1.7708959579467773
18000,2.0806072,0.8807591199874878
19000,2.058312,2.252178192138672
20000,2.0578892,8.28610610961914
21000,2.0623436,3.1566455364227295
22000,2.0697715,1.1417299509048462
23000,2.0537612,1.5390374660491943
24000,2.0647647,2.273280143737793
25000,2.0669198,1.0150394439697266
26000,2.061567,1.706369161605835
27000,2.059781,2.0685036182403564
28000,2.0669804,1.6099331378936768
29000,2.05315,1.8052260875701904
30000,2.0662405,5.539975166320801
31000,2.0505111,2.0169644355773926
32000,2.0538168,1.4865890741348267
33000,2.0434022,2.5428273677825928
34000,2.06025,1.1052525043487549
35000,2.05731,1.6637578010559082
36000,2.0595934,2.333798408508301
37000,2.0514634,1.1573972702026367
38000,2.047909,1.6863229274749756
39000,2.0609527,1.3457494974136353
40000,2.0590174,2.043682098388672
41000,2.0483716,1.7302639484405518
42000,2.0489407,1.4287950992584229
43000,2.034757,1.6602147817611694
44000,2.0514429,2.025085210800171
45000,2.0475888,1.7744560241699219
46000,2.052366,1.7071211338043213
47000,2.0439236,1.9991453886032104
48000,2.0436401,1.2271056175231934
49000,2.041468,1.4526270627975464
50000,2.0525706,1.906217336654663
51000,2.0400164,2.7414939403533936
52000,2.037341,2.695789337158203
53000,2.0494108,1.9524250030517578
54000,2.044571,3.4626352787017822
55000,2.051188,1.9185974597930908
56000,2.0406008,2.4034814834594727
57000,2.0432725,2.3400826454162598
58000,2.0430684,1.5179791450500488
59000,2.036992,1.2673654556274414
60000,2.0332975,2.5112557411193848
61000,2.046746,1.4673285484313965
62000,2.03655,2.5789554119110107
63000,2.0491745,1.3188374042510986
64000,2.0384126,3.6355865001678467
65000,2.0397112,2.1513571739196777
66000,2.0434666,3.9895670413970947
67000,2.0386202,1.866133689880371
68000,2.037384,1.8796504735946655
69000,2.0236232,1.727808952331543
70000,2.0309918,2.2355422973632812
71000,2.0310054,1.5987825393676758
72000,2.035855,1.615216851234436
73000,2.0216765,2.9918336868286133
74000,2.0218594,1.1660674810409546
75000,2.0323253,2.029506206512451
76000,2.0328536,1.1027015447616577
77000,2.0424907,1.4443477392196655
78000,2.02948,1.2710648775100708
79000,2.0191495,2.1197476387023926
80000,2.0176857,3.7094099521636963
81000,2.0250783,2.182182788848877
82000,2.018175,1.8582310676574707
83000,2.0300775,1.6182599067687988
84000,2.0309298,1.9459915161132812
85000,2.0260656,1.801339864730835
86000,2.0350583,1.8073782920837402
87000,2.0238738,1.6021713018417358
88000,2.0106564,1.8767316341400146
89000,2.0240157,3.007551908493042
90000,2.0195987,1.5621719360351562
91000,2.026416,1.3889182806015015
92000,2.0326087,4.091136932373047
93000,2.0181367,1.6278717517852783
94000,2.0131161,3.8194313049316406
95000,2.0212595,1.1470668315887451
96000,2.0165703,2.7622599601745605
97000,2.0221908,1.938718557357788
98000,2.0123317,1.8833670616149902
99000,2.0067208,6.275576591491699
100000,2.012706,1.670820951461792
101000,2.014042,3.3292455673217773
102000,2.0092313,1.9839227199554443
103000,2.0134764,1.4429469108581543
0,2.0372107,2.5733914375305176
1000,2.030483,2.4315006732940674
2000,2.0329065,2.0562453269958496
3000,2.0368109,3.139488697052002
4000,2.0536525,1.7895538806915283
5000,2.0486813,2.1667606830596924
6000,2.0426726,1.8051040172576904
7000,2.0473835,4.154123783111572
8000,2.0317833,1.046154260635376
9000,2.0395603,2.7990264892578125
10000,2.0266507,1.1762256622314453
11000,2.0353813,1.5788581371307373
12000,2.0361419,1.6656174659729004
13000,2.0401735,1.4188921451568604
14000,2.0324523,1.6163654327392578
15000,2.0373929,1.9035248756408691
16000,2.0329902,2.1256937980651855
17000,2.034743,2.235605239868164
18000,2.0321696,1.366897463798523
19000,2.0268352,1.5372811555862427
20000,2.0309324,2.133331775665283
21000,2.0363235,1.3010482788085938
22000,2.026817,2.00441312789917
23000,2.0297587,3.0994434356689453
24000,2.030624,1.2580225467681885
25000,2.031487,1.101938247680664
26000,2.0293036,2.0556604862213135
27000,2.0240562,3.22267484664917
28000,2.0253928,1.8252251148223877
29000,2.0303128,4.107726573944092
30000,2.03395,1.3724042177200317
31000,2.0305018,1.6616994142532349
32000,2.0263789,2.254361629486084
33000,2.0356228,1.855294942855835
34000,2.0295324,1.5654866695404053
35000,2.0277753,1.6926636695861816
36000,2.034042,1.9124207496643066
37000,2.0319674,1.3353862762451172
38000,2.0305488,1.780530333518982
39000,2.0349042,1.013005018234253
40000,2.0295196,2.3246212005615234
41000,2.0254803,1.0143907070159912
0,2.022803,1.7879533767700195
1000,1.7477119,2.5972447395324707
2000,1.7226927,1.2472939491271973
3000,1.7154434,2.0113937854766846
4000,1.7078705,1.580999493598938
5000,1.7027055,2.4141364097595215
6000,1.6996832,1.5545051097869873
7000,1.6973271,1.7663378715515137
8000,1.6943368,1.9254693984985352
9000,1.6932434,1.4046781063079834
10000,1.6908824,1.914289951324463
11000,1.6895685,1.6478630304336548
12000,1.6859318,1.924323320388794
13000,1.6840752,2.2090070247650146
14000,1.6851424,1.398202657699585
15000,1.6814344,2.0627052783966064
16000,1.6788144,2.3356645107269287
17000,1.6768392,1.9543286561965942
18000,1.6757064,1.6339588165283203
19000,1.6747153,1.8543095588684082
20000,1.6738511,1.7005648612976074
21000,1.6716967,1.4656964540481567
22000,1.6714654,1.6056785583496094
23000,1.6698121,1.6884124279022217
24000,1.6670427,1.7639193534851074
25000,1.666349,1.9732455015182495
26000,1.6672069,2.0005407333374023
27000,1.6657155,1.9315032958984375
28000,1.6631316,2.0022330284118652
29000,1.6623064,1.458052396774292
30000,1.661328,1.9449586868286133
31000,1.6603961,2.0951790809631348
32000,1.659035,1.283151388168335
33000,1.657382,2.0040841102600098
34000,1.6571425,1.712473750114441
35000,1.6558734,2.0174400806427
36000,1.6540216,1.1529195308685303
37000,1.6525373,1.596238136291504
0,1.6373422,1.9059956073760986
1000,1.6359364,1.778309941291809
2000,1.6352887,1.7223069667816162
3000,1.6343461,1.1622724533081055
4000,1.6330551,1.4542160034179688
5000,1.6318994,2.08976674079895
6000,1.6320512,1.4763094186782837
7000,1.6329232,1.9865076541900635
8000,1.6295098,1.2273526191711426
9000,1.6291366,1.8491878509521484
10000,1.6280437,2.131117343902588
11000,1.626538,1.7677159309387207
12000,1.6276119,1.5294228792190552
13000,1.6273223,1.8358154296875
14000,1.6254426,2.1323401927948
0,2.347036,1.9682632684707642
1000,3.0623584,2.9175267219543457
0,1.6124226,1.6538794040679932
1000,1.6551079,1.8058319091796875
0,1.631104,2.024057388305664
1000,1.6305971,1.495168924331665
2000,1.630258,2.037097454071045
3000,1.6289757,1.831022024154663
4000,1.6272606,1.8057960271835327
5000,1.6273923,1.2202420234680176
0,1.6341075,1.5044307708740234
1000,1.6333991,1.4854357242584229
2000,1.6328222,1.6422109603881836
3000,1.6317147,1.59073805809021
4000,1.6307474,1.3612618446350098
5000,1.6299081,1.150312066078186
6000,1.6301163,1.9885234832763672
7000,1.6287056,1.0816943645477295
8000,1.6292437,1.6484524011611938
9000,1.6270586,2.190321683883667
10000,1.6266674,1.8589255809783936
11000,1.6247308,1.3663063049316406
12000,1.6240983,2.3165743350982666
13000,1.6228949,2.1135125160217285
14000,1.6217028,1.754530668258667
15000,1.6218228,1.749161720275879
16000,1.6210325,1.9977563619613647
17000,1.6195197,1.8516831398010254
18000,1.6196778,1.604315996170044
19000,1.6184634,1.6060266494750977
20000,1.6194879,1.711693286895752
21000,1.6186998,2.373342514038086
22000,1.6166868,1.5500004291534424
23000,1.6167122,1.9169280529022217
24000,1.6145617,1.5942097902297974
25000,1.6134187,1.7040774822235107
26000,1.6131827,1.765838384628296
27000,1.6141088,1.480118751525879
0,1.5686707,0.0
1000,1.5683997,1.2320183515548706
2000,1.567584,1.6515657901763916
3000,1.5648389,1.895344853401184
4000,1.5646609,1.4438912868499756
5000,1.5647305,1.9397075176239014
6000,1.5630128,1.8803731203079224
7000,1.5629027,1.5323377847671509
8000,1.5625681,1.3710780143737793
9000,1.5623378,1.4851922988891602
10000,1.5604578,1.9388868808746338
11000,1.560293,1.6234780550003052
12000,1.5603795,1.5995457172393799
13000,1.5602909,1.5088496208190918
14000,1.559825,1.372406005859375
15000,1.5582469,1.7326096296310425
16000,1.5562837,1.396734595298767
17000,1.5570986,1.617319107055664
0,1.5745474,2.246879816055298
1000,1.5742096,2.6218204498291016
2000,1.572674,1.4866427183151245
3000,1.5727293,2.2075259685516357
4000,1.5716612,1.0943996906280518
5000,1.5713363,1.2756009101867676
0,1.5360796,2.168196439743042
1000,1.537777,1.9704538583755493
2000,1.5352575,1.8224174976348877
3000,1.5349083,1.5495778322219849
4000,1.5344113,1.9977096319198608
5000,1.5344819,1.6633588075637817
0,1.5558444,2.104475259780884
1000,1.5548825,2.1912407875061035
2000,1.5546672,1.4920997619628906
3000,1.5533056,1.9800872802734375
4000,1.5543171,2.09268856048584
5000,1.5539147,1.5145752429962158
6000,1.5520504,1.560963749885559
7000,1.550704,1.558166265487671
8000,1.5516151,1.1990675926208496
9000,1.5498711,1.5616803169250488
10000,1.5512,2.1068038940429688
11000,1.5501375,1.6948091983795166
12000,1.5490077,1.9622867107391357
13000,1.5481477,2.1030426025390625
14000,1.5470562,2.4399986267089844
15000,1.5461217,1.305119276046753
16000,1.5466138,1.7469031810760498
17000,1.5456485,0.0
18000,1.5457823,1.400736689567566
19000,1.5460472,1.7885619401931763
20000,1.5438856,1.4763848781585693
21000,1.5440412,1.5864206552505493
22000,1.5427114,1.6715139150619507
23000,1.5447428,1.4124372005462646
24000,1.5419455,2.255225896835327
0,1.586848,1.201446533203125
0,1.5919938,1.865759015083313
1000,1.5904548,1.8795480728149414
2000,1.5930762,2.0720744132995605
3000,1.5904726,1.7802654504776
4000,1.5902584,1.345196008682251
5000,1.5908589,1.5522336959838867
6000,1.590146,1.09458589553833
0,1.5428396,1.7706027030944824
1000,1.5423397,1.2892719507217407
2000,1.5427785,1.7035889625549316
3000,1.5427071,1.8777613639831543
4000,1.5433487,1.6081936359405518
5000,1.5427959,1.89910089969635
6000,1.5426811,1.7941107749938965
7000,1.5393065,1.6959950923919678
8000,1.5402727,1.2587167024612427
9000,1.5399233,2.332426071166992
10000,1.5376782,1.5866742134094238
11000,1.5372882,2.429375171661377
12000,1.5367143,1.309099793434143
13000,1.5372616,2.428882122039795
14000,1.5360284,1.628748893737793
15000,1.5359327,1.4246673583984375
16000,1.535499,1.3884499073028564
17000,1.5362731,1.6643106937408447
18000,1.5339373,1.7630354166030884
19000,1.5349033,1.6637179851531982
20000,1.5343753,1.2073633670806885
0,1.5690874,1.9202998876571655
1000,1.5688219,1.5792546272277832
2000,1.5692594,1.9754375219345093
3000,1.5684066,1.1033629179000854
4000,1.5678233,1.7797586917877197
5000,1.5669701,1.1103460788726807
6000,1.5666299,1.7178049087524414
7000,1.5648258,1.5070595741271973
8000,1.5647378,1.7658215761184692
9000,1.5637918,1.5622880458831787
10000,1.5635355,2.1250548362731934
11000,1.5639557,1.5412449836730957
12000,1.5651356,1.3463051319122314
13000,1.5618817,1.3155884742736816
14000,1.5615684,2.0176401138305664
15000,1.5615213,1.0338962078094482
0,1.5254495,1.656192421913147
1000,1.5252316,1.9657466411590576
2000,1.5255874,2.5752060413360596
3000,1.5234132,1.5969260931015015
4000,1.5249084,1.3550198078155518
5000,1.5228306,1.3467695713043213
6000,1.5221137,0.9362068176269531
7000,1.5227302,2.123342990875244
8000,1.5216045,1.2498737573623657
9000,1.5224463,2.0198073387145996
10000,1.5223235,1.1450753211975098
11000,1.5212065,1.6712486743927002
12000,1.5201963,1.6198723316192627
13000,1.5208951,1.4326066970825195
14000,1.521101,1.6179604530334473
15000,1.5195029,1.695397138595581
16000,1.5199987,1.2781522274017334
17000,1.5192873,1.3331851959228516
18000,1.5183876,1.702616572380066
19000,1.5179322,1.3693923950195312
20000,1.5180256,1.4566468000411987
21000,1.5185821,1.7632646560668945
22000,1.5152621,1.8164548873901367
23000,1.5160121,1.7715483903884888
24000,1.5150967,1.688347339630127
25000,1.5167191,1.5103998184204102
0,1.5015007,1.4738092422485352
1000,1.4993335,1.3253817558288574
2000,1.5004748,2.0195298194885254
3000,1.4997783,1.24220609664917
4000,1.5001365,1.1878619194030762
5000,1.5000006,2.128035545349121
6000,1.4998424,1.8445419073104858
7000,1.4987221,1.7429747581481934
8000,1.498866,1.196541428565979
9000,1.4979683,1.6153457164764404
10000,1.4968227,1.4084233045578003
11000,1.4962134,1.7349328994750977
12000,1.4960308,2.0714402198791504
13000,1.4951844,1.2415406703948975
14000,1.4954151,1.4051631689071655
15000,1.4942613,1.72360098361969
16000,1.4935629,2.7790143489837646
17000,1.4953265,1.611513614654541
18000,1.4948264,1.4873864650726318
19000,1.4939923,1.5791943073272705
20000,1.4927133,1.8473150730133057
21000,1.4935008,1.9652560949325562
22000,1.4927918,2.2989416122436523
23000,1.4921305,1.973283052444458
24000,1.4928967,1.8035624027252197
25000,1.4917173,2.116959571838379
26000,1.4909322,1.8891582489013672
27000,1.4906703,1.734803318977356
28000,1.490765,2.130528211593628
29000,1.4903075,1.429044485092163
30000,1.4893148,1.9818239212036133
31000,1.4901993,1.6705000400543213
32000,1.4894732,2.080411911010742
33000,1.4890947,1.8668429851531982
34000,1.4874891,1.4760113954544067
35000,1.4869666,1.4411208629608154
36000,1.4865304,1.1415274143218994
37000,1.487652,2.022909641265869
38000,1.486633,0.9077298641204834
39000,1.4875104,1.8153866529464722
40000,1.484878,1.7658517360687256
41000,1.4856789,1.9119479656219482
42000,1.4840908,1.622395396232605
43000,1.4850061,1.786908745765686
44000,1.4841202,1.592703938484192
0,1.4896334,2.0898921489715576
1000,1.4890988,1.8737214803695679
2000,1.4895203,1.9552339315414429
3000,1.4901747,1.874598741531372
4000,1.4911567,1.6687121391296387
5000,1.4903522,1.4736671447753906
6000,1.4895295,2.1179192066192627
7000,1.4898728,0.9348917007446289
8000,1.4878377,1.2809133529663086
9000,1.4881741,2.441720485687256
10000,1.4875482,1.8991940021514893
11000,1.4863862,1.5344772338867188
12000,1.485475,1.1514288187026978
13000,1.4854614,1.2979099750518799
14000,1.4860978,1.5590013265609741
15000,1.4860542,1.6306469440460205
16000,1.4850806,1.7639331817626953
17000,1.4855652,1.380441665649414
18000,1.4850239,1.869735836982727
19000,1.4846214,2.574831962585449
20000,1.4864744,1.3838608264923096
21000,1.4844571,2.507072925567627
22000,1.484775,1.6488162279129028
23000,1.4837574,1.6916167736053467
24000,1.4831009,2.2280917167663574
25000,1.4812101,1.3533968925476074
26000,1.4803745,2.008542060852051
27000,1.4829928,1.7041410207748413
28000,1.4816941,1.8227890729904175
29000,1.4813416,2.1282217502593994
30000,1.4801655,1.0099292993545532
31000,1.4801044,1.548882007598877
32000,1.4801377,1.9552148580551147
33000,1.4803367,1.5712860822677612
34000,1.4792027,1.5336127281188965
35000,1.4791572,1.8163902759552002
36000,1.4779787,1.5638896226882935
37000,1.4790094,1.3239223957061768
38000,1.4779131,1.9801738262176514
39000,1.476964,1.5083119869232178
40000,1.4767882,1.2301121950149536
41000,1.4761118,1.9052226543426514
42000,1.4747235,1.6170679330825806
43000,1.474699,1.359978437423706
0,1.454925,1.6567206382751465
1000,1.4551417,1.5722978115081787
2000,1.4554759,0.7904212474822998
3000,1.4548789,1.573704481124878
4000,1.4546578,1.8315436840057373
5000,1.4533571,1.4880796670913696
6000,1.4532274,1.1373064517974854
7000,1.4527373,1.3433492183685303
8000,1.4527656,1.5563619136810303
0,1.5062141,1.5101994276046753
1000,1.504828,1.5827568769454956
2000,1.5060289,1.4598445892333984
3000,1.5049193,1.4825130701065063
4000,1.5040889,1.9462569952011108
5000,1.5064762,2.097025156021118
6000,1.5046946,1.9339258670806885
7000,1.5053809,1.4031087160110474
0,1.4960886,1.9660046100616455
1000,1.4957122,1.4398088455200195
0,1.4478598,1.8258070945739746
1000,1.4472775,1.2955548763275146
0,1.4431754,0.9713323712348938
1000,1.4423189,1.8092732429504395
2000,1.4441202,1.3774585723876953
0,1.4545634,1.6988961696624756
0,1.4948496,1.5334830284118652
0,1.445153,1.4839212894439697
0,1.4875293,1.5181783437728882
0,1.4700367,1.9735666513442993
1000,1.4675803,1.8055672645568848
2000,1.4674301,1.8348658084869385
3000,1.468612,2.2257449626922607
4000,1.4702464,1.7873222827911377
5000,1.4671737,1.9781436920166016
0,1.4576303,1.198401689529419
1000,1.4570209,1.8373271226882935
2000,1.457634,1.3851091861724854
3000,1.4575918,1.6989221572875977
4000,1.458511,1.491450548171997
5000,1.4580951,1.5384047031402588
6000,1.4576224,1.2128288745880127
7000,1.4565108,1.5652310848236084
8000,1.4566529,2.3043670654296875
9000,1.4566998,1.357266902923584
10000,1.4573549,1.6671316623687744
11000,1.4589039,1.6955702304840088
12000,1.4566493,1.0953214168548584
13000,1.4571338,1.866227626800537
14000,1.4548246,1.7796473503112793
15000,1.4558141,1.679248571395874
16000,1.4554073,1.2027628421783447
0,1.4629934,1.6662578582763672
1000,1.4627687,2.3581323623657227
2000,1.4621146,1.5925724506378174
3000,1.4627188,1.3497660160064697
4000,1.46387,1.5073275566101074
5000,1.4623429,2.2991530895233154
6000,1.4610093,1.4616464376449585
7000,1.461688,1.0640432834625244
8000,1.462035,1.3701343536376953
9000,1.4621536,1.9342609643936157
10000,1.4607373,1.9753495454788208
11000,1.4614291,1.6510779857635498
12000,1.4618526,1.5465036630630493
13000,1.4615073,1.4369685649871826
14000,1.4598459,1.452725887298584
15000,1.4596285,1.6007694005966187
16000,1.4587395,1.951101303100586
17000,1.4594035,1.9681745767593384
18000,1.4583867,1.041821002960205
19000,1.4602803,1.873429536819458
20000,1.458619,1.3486754894256592
0,1.4608983,1.490222692489624
1000,1.4615892,2.264849901199341
2000,1.4617361,1.7385289669036865
3000,1.4605293,1.6273294687271118
4000,1.4610382,1.4557063579559326
5000,1.4610488,1.2935816049575806
6000,1.4613514,1.951912760734558
7000,1.4602607,1.5781902074813843
8000,1.4594729,1.7840150594711304
9000,1.4600433,1.3567650318145752
10000,1.4598931,1.6385297775268555
11000,1.461419,1.911924958229065
12000,1.459207,1.7394453287124634
13000,1.4586151,1.7852966785430908
14000,1.4594723,1.271086573600769
15000,1.4592676,1.4864411354064941
16000,1.4576507,1.5056599378585815
17000,1.4586147,1.2734971046447754
18000,1.4590153,1.9416548013687134
19000,1.4573371,2.0621490478515625
20000,1.4574459,1.6211869716644287
21000,1.4588183,1.684328556060791
22000,1.4576038,1.28934907913208
23000,1.4571049,1.497950553894043
24000,1.4568068,2.311055898666382
25000,1.4551344,1.3175644874572754
26000,1.4552993,1.6342954635620117
27000,1.4564862,1.4906240701675415
28000,1.4560332,1.5813193321228027
29000,1.456775,1.796769380569458
30000,1.4555649,1.5411834716796875
31000,1.4557197,1.3918737173080444
32000,1.4557434,1.9271618127822876
33000,1.4544804,1.4756016731262207
34000,1.4552051,1.331430196762085
35000,1.456362,1.0636959075927734
0,1.4685769,1.7123384475708008
1000,1.4670613,1.6588037014007568
2000,1.467185,1.4247690439224243
3000,1.4673626,0.9408701062202454
4000,1.466208,2.1722848415374756
5000,1.4662715,1.5613179206848145
6000,1.4656488,0.8847452402114868
7000,1.4655548,1.678520917892456
8000,1.466425,2.4622669219970703
9000,1.4663137,2.032524347305298
10000,1.4666222,1.2524670362472534
11000,1.4664891,2.0955917835235596
12000,1.4658878,1.4498062133789062
13000,1.4669864,1.4967231750488281
14000,1.4660347,1.4239568710327148
15000,1.4657401,1.613713264465332
0,1.4821,1.410494089126587
1000,1.4824129,1.0404835939407349
2000,1.4827547,1.2358765602111816
3000,1.4814613,1.2803261280059814
4000,1.4824264,1.796086311340332
5000,1.4812982,1.8405961990356445
6000,1.4812317,2.4152731895446777
7000,1.4801508,1.4557970762252808
8000,1.4800078,1.9782568216323853
9000,1.4799567,1.8035577535629272
10000,1.4796826,1.050399899482727
0,1.454812,1.30949866771698
1000,1.457245,1.2842957973480225
2000,1.4564146,1.7487356662750244
3000,1.4563504,2.395322322845459
4000,1.454368,2.2473065853118896
5000,1.4538219,0.9568457007408142
6000,1.4550495,1.6081750392913818
7000,1.4536675,1.5450127124786377
8000,1.4531586,1.6216011047363281
9000,1.4540502,1.5222749710083008
10000,1.4539257,1.881101369857788
11000,1.453851,1.4741666316986084
12000,1.4531109,0.9749789237976074
13000,1.4530977,2.0838065147399902
14000,1.4528024,2.073241710662842
15000,1.4538168,1.8951563835144043
16000,1.4519281,1.325821876525879
17000,1.4537808,1.566338062286377
18000,1.4528288,1.9217287302017212
19000,1.452377,1.167457103729248
20000,1.4522262,1.7294983863830566
21000,1.4533188,1.9249731302261353
22000,1.45181,1.2583632469177246
23000,1.4517223,1.3472458124160767
24000,1.4541337,1.1762254238128662
25000,1.4506265,1.2973159551620483
26000,1.4507267,1.262523889541626
27000,1.4494705,1.6549619436264038
28000,1.4496906,1.3284080028533936
29000,1.4497733,1.1963253021240234
30000,1.4495492,1.6526153087615967
31000,1.4515972,1.6174440383911133
32000,1.4511943,2.0800256729125977
33000,1.4494369,1.7786905765533447
34000,1.4499364,1.2891948223114014
0,1.421761,1.8761074542999268
1000,1.4232153,1.3675456047058105
2000,1.4202266,1.2479182481765747
3000,1.420117,1.0563862323760986
4000,1.4196098,1.7285033464431763
5000,1.4198612,1.0690282583236694
6000,1.4193188,2.2143869400024414
7000,1.4215267,1.4531903266906738
8000,1.4196471,1.363946795463562
9000,1.419551,1.7667571306228638
10000,1.4195715,0.9187979698181152
11000,1.4203581,1.1520190238952637
12000,1.4220461,1.9363659620285034
13000,1.4206901,1.4044522047042847
14000,1.4204547,1.3533598184585571
0,1.4252789,1.5001347064971924
1000,1.4264189,1.6600379943847656
2000,1.4246767,1.5575666427612305
3000,1.4253674,1.8501923084259033
4000,1.4255419,2.577552556991577
5000,1.4246751,1.4447546005249023
6000,1.425482,1.1591460704803467
7000,1.4252459,2.1060190200805664
8000,1.4240212,1.4345197677612305
9000,1.4239906,1.1517887115478516
10000,1.4244449,1.5952612161636353
11000,1.4233552,1.5422837734222412
12000,1.4243166,2.2467896938323975
13000,1.424957,1.7373006343841553
14000,1.4246839,1.1178674697875977
15000,1.4234765,1.8998922109603882
16000,1.4237965,1.377254843711853
17000,1.4230783,1.8996959924697876
18000,1.4229122,1.1510893106460571
19000,1.4230484,1.8509827852249146
20000,1.4242847,1.9114574193954468
21000,1.4225888,1.4972997903823853
22000,1.4223346,1.1315386295318604
23000,1.4234085,1.4577747583389282
24000,1.4225138,1.852392554283142
0,1.4099967,1.2686190605163574
1000,1.4096695,0.8590293526649475
2000,1.410073,1.5826959609985352
3000,1.4101336,2.0084497928619385
4000,1.4092807,1.6748161315917969
5000,1.4094281,1.3798431158065796
6000,1.4085313,1.8684492111206055
7000,1.4093204,2.4041781425476074
8000,1.4085772,1.2729988098144531
9000,1.408564,1.7682985067367554
10000,1.4098601,1.4458414316177368
11000,1.409337,1.2103056907653809
12000,1.4087325,1.6842865943908691
13000,1.409283,1.5360887050628662
14000,1.409306,1.555945634841919
15000,1.4092435,1.3263802528381348
16000,1.4084202,2.0249719619750977
17000,1.4092073,2.0706167221069336
18000,1.4087992,1.6390691995620728
19000,1.4095031,1.1028647422790527
20000,1.4085696,1.6646606922149658
21000,1.4076438,1.4246957302093506
22000,1.4091486,1.2279863357543945
23000,1.4073924,1.5052704811096191
24000,1.4070748,1.4486451148986816
25000,1.4071516,1.7118781805038452
26000,1.4072908,1.4313147068023682
27000,1.4062681,1.9110333919525146
28000,1.4063697,2.152108669281006
29000,1.4056896,1.4287385940551758
30000,1.4075474,1.6155246496200562
31000,1.4071164,0.0
32000,1.4065545,2.301469564437866
33000,1.4057155,1.4312056303024292
34000,1.4056864,1.5308542251586914
35000,1.4071085,1.1823818683624268
36000,1.4065088,1.2455042600631714
0,1.4193046,2.0541610717773438
1000,1.4195701,1.865490198135376
2000,1.4183947,1.4943881034851074
3000,1.4194502,1.4777594804763794
4000,1.4190077,1.7730748653411865
5000,1.4185098,1.5050108432769775
6000,1.4195453,2.2005059719085693
7000,1.4190012,1.1833457946777344
8000,1.418997,1.8530560731887817
9000,1.4193368,1.5388107299804688
10000,1.419099,1.7621076107025146
11000,1.4179547,1.182289958000183
12000,1.4182802,1.2323955297470093
13000,1.4182988,1.7477116584777832
14000,1.4188136,1.1166749000549316
15000,1.4168239,2.0869698524475098
16000,1.4173522,1.4484856128692627
0,1.4071823,1.4272129535675049
0,1.4319187,1.9676984548568726
0,1.4042096,1.6371208429336548
0,1.3852513,1.7344523668289185
0,1.4427811,1.5347868204116821
